Datum,Nr,Dauer_sek,Kcal,Watt,MaxHF,Rec,RR_ruhe,RR_training,RR_abend,Kinomap,Strecke,Distanz_km,Kadenz_rpm,Watt_Max,Watt_Max_PR,Hoehenmeter,Temperatur_C,Max_kmh,Kommentar
25.5,1,2160,330,160,120,,,,,,,,,,,,,,
27.5,2,1800,270,157,118,,,,,,,,,,,,,,
28.5,3,3000,400,140,117,,,,,,,,,,,,,,
29.5,4,1800,270,157,118,,,,,,,,,,,,,,
30.5,5,1800,305,178,120,1,,,,,,,,,,,,,
1.6,6,3180,500,164,120,,,,,,,,,,,,,,
2.6,7,2520,350,145,115,,,,,,,,,,,,,,
4.6,8,2400,350,153,117,,,,,,,,,,,,,,
5.6,9,2520,355,148,123,,,,,,,,,,,,,,
5.6,9b,480,50,108,,,,,,,,,,,,,,,
6.6,10,1920,300,164,117,,,,,,,,,,,,,,
6.6,10b,720,100,145,,,,,,,,,,,,,,,
7.6,11,1800,280,162,115,,,,,,,,,,,,,,
7.6,11b,1800,270,157,115,,,,,,,,,,,,,,
9.6,12,2760,350,133,107,,,,,,,,,,,,,,
10.6,13,1860,300,169,120,,,,,,,,,,,,,,
10.6,13b,600,110,192,118,1,,,,,,,,,,,,,
11.6,14,1860,300,169,118,,,,,,,,,,,,,,
11.6,14b,600,110,192,,1,,,,,,,,,,,,,
12.6,15,2460,350,148,115,,,,,,,,,,,,,,
12.6,15b,420,50,124,,,,,,,,,,,,,,,
14.6,16,1980,320,169,117,,,,,,,,,,,,,,
14.6,16b,1200,220,192,,1,,,,,,,,,,,,,
16.6,17,1800,260,152,113,,,,,,,,,,,,,,
16.6,17b,1800,260,152,,,,,,,,,,,,,,,
17.6,18,1200,208,181,115,1,,,,,,,,,,,,,
17.6,18b,1800,312,181,114,1,,,,,,,,,,,,,
18.6,19,2760,400,152,107,,,,,,,,,,,,,,
19.6,20,1200,174,152,104,,,,,,,,,,,,,,
19.6,20b,1560,226,152,,,,,,,,,,,,,,,
20.6,21,1920,300,164,110,,,,,,,,,,,,,,Erholung 🌿
22.6,22,1800,308,180,111,1,,115/65/87,,,,,,,,,,,
23.6,23,2640,400,159,116,,,110/70/84,,,,,,,,,,,
24.6,24,2700,465,180,108,1,,,,,,,,,,,,,
1.7,25,1800,342,199,120,1,135/88/77,110/75/93,,,,,,,,,,,Pyramide 9-12-9
1.7,ST,1320,220,174,120,1,,,,,,,,,,,,,🏆 Stufentest 50→300W
2.7,26,2700,422,164,111,,,100/68/72,,,,,,,,,,,
2.7,27,1080,154,150,106,,,105/76/83,,,,,,,,,,,Stufentest 50→250W
3.7,28,2400,412,180,117,1,,102/70/87,,,,,,,,,,,
3.7,29,600,130,227,116,1,,,,,,,,,,,,,
4.7,30,2700,426,166,110,,125/75/75,110/74/89,,,,,,,,,,,Pyramide · 27°C
7.7,31,2160,412,199,112,1,130/80/71,115/71/88,,,,,,,,,,,
7.7,32,660,110,174,106,1,,,125/75/72,,,,,,,,,,23:45
8.7,33,2400,400,174,,1,125/85/80,113/73/86,,,,,,,,,,,Stufen 8-9-10-9 · 80rpm
8.7,34,1320,210,166,,,,,120/75/72,,,,,,,,,,22:00
9.7,35,2700,430,167,125,,126/77/71,128/80/80,,,,,,,,,,,Stufen 8-...-8 · ⚠️ Bisoprolol+Candesartan vergessen
9.7,36,900,175,204,120,1,,,,,,,,,,,,,
10.7,37,2400,410,178,115,1,135/85/73,120/80/80,,,,,,,,,,,
10.7,38,1200,205,178,,1,,,,,,,,,,,,,18:20 · 28.6°C
11.7,39,1320,236,187,116,1,130/85/75,125/84/80,,1,Donauinsel,11.64,,256,,,,,
11.7,40,1320,220,174,114,1,,,,1,,11.18,,233,,,,,
11.7,41,1080,147,143,,,,,,,,,,,,,,,Stufentest 50→250W
12.7,42,1560,293,197,128,1,,135/85/84,,1,,14.21,,315,1,,,,
13.7,43,2040,325,167,120,,135/85/77,130/84/81,,1,,17.29,76,265,,,29,,
13.7,44,1380,222,169,116,,,107/69/86,,1,,11.64,79,230,,,29,,
14.7,45,2340,370,166,128,,130/77/77,107/72/83,,1,Cern,17.17,76,333,1,144,29,,
14.7,46,1140,198,180,110,1,,,125/78/79,1,NYC Central Park,9.85,81,237,,,30,,
15.7,47,1860,337,189,119,1,,112/76/87,,1,Rohrspitz–Dornbirn,16.05,80,263,,,29,,
15.7,48,1800,289,170,113,,,114/71/87,130/81/71,1,Greifensee,14.61,75,309,,84,29,,
16.7,49,1980,342,181,116,1,,110/74/86,,1,Widnau–Widnau,17.29,80,297,,,28,,
16.7,50,1260,247,201,116,1,,115/75/85,,1,Wien Donauinsel,11.64,84,277,,,29,,
17.7,–,,,,,,133/84/71 (12:00),,,,,,,,,,,,
18.7,51,1740,318,193,116,1,150/99/70,118/75/87,,1,St.Margarethen–Bregenz–Lochau,15.40,81,271,,,27,,
18.7,52,1260,251,206,119,1,,125/81/86,135/80/70,1,Wien Donauinsel Nord 10k+,11.64,83,292,1,,26,,
19.7,53,2400,416,183,111,1,,116/74/80,,1,Kaserstrand–Rohrspitz (Bodensee),20.80,76,272,,,27,,
20.7,54,2400,415,182,112,1,135/85/67,114/71/74,120/76/76,1,Kaiserstrand–Rohrspitz (Bodensee),20.80,76,292,,,25,,Intervall 1:2 (1min Belastung/2min Erholung) erste 30min
21.7,55,2280,445,204,116,1,145/85/70,122/78/84,,1,Kaiserstrand–Rohrspitz (Bodensee),20.80,80,282,1,,27,,anstrengender als Vortag (höherer Ruhe-RR)
21.7,56,1140,244,222,122,1,,133/84/80,,1,Casal Palocco–Pontile Ostia,10.96,82,311,1,,27,,
22.7,57,2280,449,206,116,1,140/86/71,125/80/85,,1,Kaiserstrand–Rohrspitz (Bodensee),20.80,77,,,,27,,Max 505W = Sensor-Ausreißer (ignorieren)
22.7,58,1800,288,169,110,,137/82/69,,,1,Greifensee,14.61,70,290,,84,,,entspannte Strecke nach Anstrengung mittags
23.7,59,2280,442,202,118,1,,115/75/80,,1,Kaiserstrand–Rohrspitz (Bodensee),20.80,78,282,,,27,,
24.7,60,4380,649,155,106,,147/89/74,115/73/80,,1,Lichtenstein Castle–Killer,32.96,69,277,,285,26,,Ausdauerstrecke starke Anstiege
25.7,61,3060,532,180,110,1,,125/73/81,143/83/76,1,Cologne Lunchbreak,26.07,74,263,,102,26,,
26.7,62,3180,497,165,107,1,,124/78/80,,1,Lechradweg Grießau–Weißenbach (Tirol),28.35,71,276,,91,26,,subjektiv sehr anstrengend trotz moderater Watt
27.7,–,,,,,,142/82/72,,,,,,,,,,,,
28.7,63,1260,254,210,116,1,,118/77/86,,1,Wien Donauinsel Nord 10k+,11.64,81,282,,,27,,"kurz&knackig, Zerrung re. Oberschenkel (Ursache: Dauer, nicht Krafteinsatz) fast abgeklungen"
29.7,64,1920,360,196,116,1,,111/68/83,,1,Widnau–Widnau,17.30,78,258,,,29,,
29.7,65,1620,252,161,104,,,100/65/76,,1,Cologne Lunchbreak,11.47,70,239,,78,29,,"müde, geringere Belastung"
30.7,66,1740,318,193,110,1,135/85/67,126/73/85,,1,St.Margarethen–Bregenz–Lochau,15.40,78,253,,,32,,sehr heiss/schwül · Puls trotz Hitze niedrig geblieben
30.7,67,1260,218,185,116,1,,128/76/86,,1,Casal Palocco–Pontile Ostia,10.97,76,263,,,31,,
31.7,68,2040,352,180,111,1,136/80/68,121/76/78,,1,Ferney-Voltaire–Divonne-les-Bains,15.08,73,296,,134,30,,
1.8,69,2340,416,186,110,1,,132/76/83,,1,Bavarian Tour Dachau–Ismaning,20.58,76,271,,44,28,,⚠️ gestern abend Blutdruckmedikamente vergessen
1.8,70,1800,289,169,110,,,135/78/87,,1,Greifensee,14.60,74,256,,84,30,,
2.8,71,1320,236,186,108,,155/90/70,137/84/78,,1,Wien Donauinsel Nord 10k+,11.64,76,263,,,29,,"nicht ganz fit, muskuläre Begrenzung"
2.8,72,1560,245,161,108,,,131/83/76,,1,Lechradweg Grießau–Weißenbach (Tirol),14.49,70,248,,24,30,,nur 51% Strecke
3.8,73,1680,323,198,115,1,137/87/70,121/71/85,,1,St.Margarethen–Bregenz–Lochau,15.40,77,272,,33,30,,
3.8,74,1560,294,195,115,,,,,1,Bora Bora Matira–Vaitape,14.21,78,298,,17,,,
3.8,75,1200,224,196,120,1,,121/85/84,,1,Évian–Grenze Schweiz,10.24,76,338,1,33,30,,HIT 90sek locker/30sek hart
4.8,76,1920,361,197,116,1,,118/75/89,,1,Widnau–Widnau,17.29,77,303,,30,30,,
5.8,77,2340,424,192,113,1,132/77/74,108/71/88,,1,Bavarian Tour Dachau–Ismaning,20.58,76,312,,44,31,,
6.8,78,2400,414,178,110,1,,115/75/86,,1,Wien New Danube Riverbed,20.95,76,338,1,46,30,,
7.8,79,2280,436,197,120,1,140/85/85,109/72/86,,1,Kaiserstrand–Rohrspitz (Bodensee),20.80,78,287,,50,,,Temp(?) sehr anstrengend aber motiviert
8.8,–,,,,,,144/84/73,,,,,,,,,,,,
9.8,80,1920,367,203,122,1,,128/74/94,,1,Widnau–Widnau,17.29,79,,,30,30,,Max 432W = Sensor-Ausreißer (ignorieren)
9.8,81,720,126,176,110,,,120/75/85,,1,Pfänder–Bregenz downhill,10.96,71,257,,6,28,,
10.8,82,2040,350,178,108,1,155/100/74 (Mittag),122/74/78,,1,Ferney-Voltaire–Divonne-les-Bains,15.08,73,248,,134,31,,
11.8,83,2460,398,169,122,,132/82/85,103/78/84,125/72/75,1,Kaiserstrand–Rohrspitz (Bodensee),20.80,72,282,,50,30,,"gut angefangen, nach 1. Hälfte eingebrochen, 40min trotzdem durchgehalten"
12.8,–,,,,,,137/82/70 (16:42),,,,,,,,,,,,
13.8,84,1680,323,197,119,1,,138/76/90,,1,St.Margarethen–Bregenz–Lochau,15.40,79,277,,33,29,,⚠️ gestern abend Blutdruckmedikamente vergessen
13.8,85,1620,287,188,120,1,,134/81/92,,1,Bora Bora Matira–Vaitape,14.21,77,275,,17,29,,
14.8,86,2280,427,195,118,1,,118/74/91,,1,Radl Ring München Dachau–Ismaning,20.58,76,312,,44,31,,
15.8,87,3180,518,171,114,1,,121/71/86,,1,Cologne Lunchbreak,26.07,71,272,,102,30,,sehr anstrengend
16.8,88,1680,321,196,114,,137/85/73,124/76/89,,1,St.Margarethen–Bregenz–Lochau,15.40,78,263,,33,30,40.6,
17.8,89,1860,384,218,117,1,143/86/71 (12:46),131/79/90,,1,Berlin Marathon 2019 (1),17.28,81,364,,8,27,38.4,"kühler, sehr starke Leistung auf 30'"
18.8,90,3120,530,179,112,,135/85/70,107/65/87,,1,Cologne Lunchbreak,26.07,73,271,,102,,51.3,
19.8,91,1980,359,190,120,,132/85/78,113/70/87,,1,Ferney-Voltaire to Divonne-les-Bains,15.08,75,335,,134,,49.0,
19.8,92,1140,244,222,130,,,118/78/97,,1,Casal Palocco - Pontile Ostia,10.97,84,292,,10,30,40.5,
20.8,93,1874,373,208,120,,135/85/71,121/73/87,,1,Widnau - Widnau,17.29,79,287,,30,26,40.8,
21.8,94,1852,380,215,116,,157/87/80,144/84/84,,1,Berlin Marathon 2019 (1),17.27,79,287,,8,25,36.3,sekundengenau
22.8,95,2138,398,194,119,,140/80/73,126/75/87,,1,😍 In and around CERN (🇨🇭🇫🇷),17.16,76,331,,144,23,55.0,etwas höherer blutdruck etwas bessere leistung
23.8,96,2012,377,196,120,,140/85/70,120/72/89,,1,Golden Autumn on Vienna's Donauinsel,18.14,78,335,,72,,50.5,
24.8,97,2257,440,204,116,,135/85/67,113/75/83,,1,🚴 Radl Ring München - Dachau-->Ismaning ☀️📹,20.58,79,303,,44,35,48.5,
25.8,98,2982,557,195,113,,140/85/68,120/78/80,127/77/76,1,Cologne Lunchbreak,26.07,77,330,,102,21,51.9,
26.8,–,,,,,,147/89/80 (11:36),,,,,,,,,,,,
26.8,99,1860,378,212,113,,,108/66/82,,1,Widnau - Widnau,17.30,80,330,,30,26,41.8,
26.8,100,1294,244,197,114,,,150/85/85,,1,Vienna - Donnauinsel Nord - 10k+,11.64,78,277,,21,26,38.8,
27.8,101,2016,357,185,125,,,125/78/87,,1,Ferney-Voltaire to Divonne-les-Bains,15.08,74,277,,134,27,49.3,"sehr hoch, ziemlich schwach aber durchgehalten"
30.8,102,3098,539,183,120,,,116/70/87,,1,Cologne Lunchbreak,26.07,73,306,,102,29,52.7,"lange pause in der mitte eingelegt, schwach, nicht jeder tag ist gut"
31.8,103,2233,446,209,124,,135/80/70,117/69/94,,1,🚴 Radl Ring München - Dachau-->Ismaning ☀️📹,20.58,80,340,,44,25,47.9,
31.8,104,1259,255,212,124,,,128/80/94,,1,Vienna - Donnauinsel Nord - 10k+,11.64,81,349,,21,26,41.1,
1.9,105,3086,522,177,125,,,108/70/84,,1,Lechradweg - von Grießau nach Weißenbach (Tirol/Austria/Österreich),28.34,73,368,1,91,26,52.2,"bldr, schwach mit pause in der mitte, kein rekordtag, aber immerhi 52 minutn totaleabfahrt"
2.9,106,3012,502,174,107,,135/80/77,123/73/84,,1,CERN-Divonne,24.21,72,320,,142,25,58.4,"sehr geringe kadenz, langsam angegangen, am schluss noch reserve, aber am stück zuende gefahren"
3.9,–,,,,,,130/75/67,,,,,,,,,,,,
